circo,candidat1,candidat2,candidat3,color1,color2,color3,nom circo,score1,score2,score3
1-1,Xavier Breton,Laurent Mallet,,LR,MDM,,Ain - 1,0.3381423460781144,0.2722171855235274,
1-2,Charles De La Verpilliere,Marie-Jeanne Beguet,,LR,MDM,,Ain - 2,0.3348265597628907,0.2653864179857032,
1-3,Stephanie Pernod Beaudon,Olga Givernet,,LR,REM,,Ain - 3,0.30530763727683047,0.28251075981701096,
1-4,Stephane Trompille,Guy Billoudet,,REM,LR,,Ain - 4,0.28745441358939944,0.26161944768681894,
1-5,Damien Abad,Helene De Meire,,LR,REM,,Ain - 5,0.3179126759077168,0.2405095576178707,
10-3,Gerard Menuel,Pascal Landreat,,LR,MDM,,Aube - 3,0.3169587566750156,0.2606355501321678,
11-1,Jean-Claude Perez,Daniele Herin,,DVG,REM,,Aude - 1,0.2163848626808462,0.17840389240039356,
11-2,Marie-Helene Fabre,Alain Perea,,SOC,REM,,Aude - 2,0.21982712989147862,0.17603919529900694,
11-3,Mireille Robert,Christelle De L'Epinois,,REM,FN,,Aude - 3,0.22271473788822505,0.17762000128525238,
12-1,Yves Censi,Stephane Mazars,,LR,REM,,Aveyron - 1,0.33181271519768174,0.30419328533885925,
12-2,Anne Blanc,Pascal Mazet,,REM,FI,,Aveyron - 2,0.3295175185292781,0.19148614835319086,
12-3,Arnaud Viala,Jean-Louis Austruy,,LR,REM,,Aveyron - 3,0.2997157586317508,0.2890928514885803,
13-1,Valerie Boyer,Pascal Chamassian,,LR,REM,,Bouches Du Rhone - 1,0.2554540231709358,0.2161401740991656,
13-10,Francois-Michel Lambert,Laurent Jacobelli,,REM,FN,,Bouches Du Rhone - 10,0.290859801195602,0.1800417272079289,
13-11,Christian Kert,Mohamed Laqhila,,LR,MDM,,Bouches Du Rhone - 11,0.3053497149435628,0.251753294158044,
13-12,Jean-Lin Lacapelle,Camille Bal,,FN,REM,,Bouches Du Rhone - 12,0.23957485997670777,0.21786639566839067,
13-13,Emmanuel Fouquart,Magali Sirerols,,FN,REM,,Bouches Du Rhone - 13,0.3387481510265854,0.3251483967556804,
13-14,Anne-Laurence Petel,Jean-David Ciot,,REM,SOC,,Bouches Du Rhone - 14,0.2293726152015175,0.2175096259024883,
13-16,Valerie Laupies,Monica Michel,,FN,REM,,Bouches Du Rhone - 16,0.2504811232709143,0.23672064993039857,
13-2,Dominique Tian,Claire Pitollat,,LR,REM,,Bouches Du Rhone - 2,0.3208663530699464,0.2421780242403713,
13-3,Stephane Ravier,Alexandra Louis,,FN,REM,,Bouches Du Rhone - 3,0.21057022128683697,0.20211542849623146,
13-4,Patrick Mennucci,Jean-Luc Melenchon,,SOC,FI,,Bouches Du Rhone - 4,0.26265121175213074,0.21812169637257883,
13-5,Cathy Racon-Bouzon,Hendrik Davi,,REM,FI,,Bouches Du Rhone - 5,0.2226456850406208,0.1773127816797946,
13-6,Guy Teissier,Eleonore Leprettre,,LR,MDM,,Bouches Du Rhone - 6,0.28896932069276465,0.23091755087949323,
13-7,Henri Jibrayel,Ouali Brinis,,SOC,FI,,Bouches Du Rhone - 7,0.24356983980032948,0.19939225613702674,
13-8,Jean-Marc Zulesi,Antoine Baudino,,REM,FN,,Bouches Du Rhone - 8,0.2531275402086513,0.21250279495442445,
13-9,Bernard Deflesselles,Sylvie Brunet,,LR,MDM,,Bouches Du Rhone - 9,0.28816259954051304,0.22091816822327032,
14-1,Fabrice Le Vigoureux,Karinne Gualbert,,REM,FI,,Calvados - 1,0.3308619364647313,0.16960255403913715,
14-2,Eric Halphen,Laurence Dumont,,REM,SOC,,Calvados - 2,0.2679382829575101,0.26360914792286977,
14-3,Clotilde Valter,Florence Lehericy,,SOC,MDM,,Calvados - 3,0.26911361974923725,0.2083502476730397,
14-4,Nicole Ameline,Christophe Blanchet,,LR,REM,,Calvados - 4,0.3467671715218462,0.2724495461401686,
14-5,Bertrand Bouyx,Isabelle Attard,,REM,DVG,,Calvados - 5,0.27465778670852337,0.23711238593899503,
14-6,Alain Tourret,Hubert Picard,,REM,UDI,,Calvados - 6,0.3599807254091674,0.1559678703770465,
15-1,Francois Danemans,Vincent Descoeur,,REM,LR,,Cantal - 1,0.35059506118657485,0.257108313499662,
15-2,Patricia Roches,Jean-Yves Bony,,REM,LR,,Cantal - 2,0.3035016058109996,0.30064002762980074,
16-1,Thomas Mesnier,Martine Pinville,,REM,SOC,,Charente - 1,0.2742179459003789,0.2675775113929074,
16-2,Sandra Marsaud,Daniel Sauvaitre,,REM,LR,,Charente - 2,0.30531244028659027,0.20071464686414373,
16-3,Jerome Lambert,Madeleine Ngombet Bitoo,,SOC,REM,,Charente - 3,0.2574988029143781,0.24549739722949437,
17-1,Otilia Ferreira,Olivier Falorni,,MDM,DVG,,Charente Maritime - 1,0.28322221879258846,0.2578666629664952,
17-2,Frederique Tuffnell,Maud Assila,,REM,FI,,Charente Maritime - 2,0.3419424981225435,0.18050525146536306,
17-3,Jean-Philippe Ardouin,Frederic Neveu,,REM,LR,,Charente Maritime - 3,0.27720483780249944,0.17793188790804282,
17-4,Raphael Gerard,Loic Girard,,REM,LR,,Charente Maritime - 4,0.27480236398022834,0.22484821259616614,
17-5,Didier Quentin,Severine Werbrouck,,LR,FN,,Charente Maritime - 5,0.39836370748273436,0.20248765087738557,
18-1,Francois Cormier-Bouligeon,Wladimir D'Ormesson,,REM,LR,,Cher - 1,0.2871564560652807,0.21800195580453993,
18-2,Nicolas Sansu,Nadia Essayan,,COM,MDM,,Cher - 2,0.2958366746416114,0.25597311418099855,
18-3,Yann Galut,Loic Kervran,,SOC,REM,,Cher - 3,0.24924641836049372,0.21160668150878145,
19-1,Christophe Jerretie,Jean-Marc Vareille,,REM,FI,,Correze - 1,0.3266880450684788,0.19745771889406336,
19-2,Philippe Nauche,Patricia Bordas,,SOC,REM,,Correze - 2,0.2644391355559512,0.2599724139313274,
2-1,Damien Philippot,Aude Bono-Vandorme,,FN,REM,,Aisne - 1,0.25815236032872396,0.25722074989058374,
2-2,Julien Dive,Sylvie Saillard-Meunier,,LR,FN,,Aisne - 2,0.36033331988086553,0.264235316278549,
2-3,Jean-Louis Bricout,Paul-Henry Hansen-Catta,,SOC,FN,,Aisne - 3,0.2838860270796837,0.22424733427402702,
2-4,Marie-Francoise Bechtel,Marc Delatte,,DVG,REM,,Aisne - 4,0.2687646263092873,0.19810419275518765,
2-5,Jacques Krabal,Francois De Voyer,,REM,FN,,Aisne - 5,0.3204804945671397,0.20186436912374794,
21-1,Didier Martin,Anne Erschens,,REM,LR,,Cote D'Or - 1,0.3085304179415164,0.1987776065933493,
21-2,Remi Delatte,Francois Deseille,,LR,REM,,Cote D'Or - 2,0.2864265001493465,0.274603711689653,
21-3,Fadila Khattabi,Kheira Bouziane-Laroussi,,REM,DVG,,Cote D'Or - 3,0.2462499993358518,0.21863039333293016,
21-4,Yolaine De Courson,Charles Barriere,,REM,LR,,Cote D'Or - 4,0.24647505542426681,0.18127616342445582,
21-5,Didier Paris,Hubert Poullot,,REM,LR,,Cote D'Or - 5,0.29965330094868486,0.271013417743255,
22-1,Bruno Joncour,Michel Lesage,,MDM,SOC,,Cotes D'Armor - 1,0.2755243705447389,0.24993151024427826,
22-2,Herve Berville,Viviane Le Dissez,,REM,SOC,,Cotes D'Armor - 2,0.26124779212480587,0.22907201234092694,
22-3,Marc Le Fur,Olivier Allain,,LR,REM,,Cotes D'Armor - 3,0.32167705399267144,0.3010278506755012,
22-4,Yannick Kerlogot,Annie Le Houerou,,REM,SOC,,Cotes D'Armor - 4,0.2736779130143501,0.2435600044467914,
22-5,Eric Bothorel,Marie-Amelie Troadec,,REM,FI,,Cotes D'Armor - 5,0.3567896596183741,0.14587379965149816,
23-1,Michel Vergnier,Jean-Baptiste Moreau,,SOC,REM,,Creuse - 1,0.2444816025637414,0.22193086766715645,
24-1,Philippe Chassaing,Helene Reys,,REM,FI,,Dordogne - 1,0.284133789413246,0.2051988682598444,
24-2,Brigitte Allain,Michel Delpon,,ECO,REM,,Dordogne - 2,0.24697657293084807,0.21791789056853486,
24-3,Colette Langlade,Jean-Pierre Cubertafon,,SOC,MDM,,Dordogne - 3,0.26966894156496224,0.21953648150442306,
24-4,Jacqueline Dubois,Emilie Chalard,,REM,FI,,Dordogne - 4,0.21271117632283207,0.15397510007423565,
25-1,Fannette Charvier,Barbara Romagnan,,REM,SOC,,Doubs - 1,0.24715169865391237,0.2459442591010044,
25-2,Eric Alauzet,Ludovic Fagaut,,ECO,LR,,Doubs - 2,0.3167884792748597,0.18021426566764234,
25-4,Frederic Barbier,Sophie Montel,,REM,FN,,Doubs - 4,0.37545721222568584,0.23865684145377075,
25-5,Annie Genevard,Sylvie Le Hir,,LR,REM,,Doubs - 5,0.38009610047024034,0.25941185750658347,
26-1,Mireille Clapot,Bertrand Ract-Madoux,,REM,LR,,Drome - 1,0.32399957332508483,0.2046487593208988,
26-2,Franck Reynier,Alice Thourot,,UDI,REM,,Drome - 2,0.2834622794673527,0.22374492591430922,
26-3,Celia De Lavergne,Didier Thevenieau,,REM,FI,,Drome - 3,0.2670137529683412,0.19668535606939963,
26-4,Latifa Chay,Bruno Derly,,REM,FN,,Drome - 4,0.25560050512734533,0.2009999280292665,
27-1,Bruno Le Maire,Fabienne Delacour,,REM,FN,,Eure - 1,0.3836560543490957,0.1811698331453498,
27-2,Fabien Gouttefarde,Emmanuel Camoin,,REM,FN,,Eure - 2,0.22772483705808935,0.1829589953180187,
27-3,Marie Tamarelle-Verhaegue,Timothee Houssin,,MDM,FN,,Eure - 3,0.2727070628817418,0.25718314596714675,
27-4,Bruno Questel,Doris Perreaux,,REM,FN,,Eure - 4,0.27222502152127526,0.19990523401191596,
27-5,Claire O'Petit,Vincent Taillieu,,REM,FN,,Eure - 5,0.2252306060657268,0.2063741169025723,
28-1,Guillaume Kasbarian,Franck Masselus,,REM,LR,,Eure Et Loir - 1,0.30312576420495646,0.23179096568875188,
28-2,Olivier Marleix,Claire-Tassadit Houd,,LR,REM,,Eure Et Loir - 2,0.3148229863380037,0.23149151015888703,
28-3,Laure De La Raudiere,Guylaine Bercher,,LR,FN,,Eure Et Loir - 3,0.40343398867987185,0.20905505004660388,
29-1,Annaig Le Meur,Jean-Jacques Urvoas,,REM,SOC,,Finistere - 1,0.2941158953742698,0.25678056705168517,
29-2,Jean-Charles Larsonneur,Patricia Adam,,REM,SOC,,Finistere - 2,0.2789415907703671,0.2460037608869631,
29-3,Didier Le Gac,Jean-Luc Bleunven,,REM,DVG,,Finistere - 3,0.25613101535550564,0.23113197307320815,
29-4,Sandrine Le Feur,Julien Kerguillec,,REM,FI,,Finistere - 4,0.302559439878098,0.1639223038064568,
29-5,Graziella Melchior,Chantal Guittet,,REM,SOC,,Finistere - 5,0.29887104122063274,0.2864469620977195,
29-6,Richard Ferrand,Jean-Michel Lucas,,REM,FI,,Finistere - 6,0.42499161062331586,0.15696374820075407,
29-7,Liliane Tanguy,Roland Jaouen,,REM,FI,,Finistere - 7,0.3146845679839466,0.16246892690587117,
29-8,Erwan Balanant,Emmanuel Magnan,,REM,FI,,Finistere - 8,0.30047653555637593,0.1465684450148786,
2a-1,Maria Guidicelli,Jean-Jacques Ferrara,,REM,LR,,Corse Du Sud - 1,0.3345300140278642,0.24551823251416477,
2a-2,Camille De Rocca Serra,Jean-Charles Orsucci,,LR,REM,,Corse Du Sud - 2,0.4071424609121256,0.2945260916103283,
2b-1,Sauveur Gandolfi-Scheit,Francois Orlandi,,LR,REM,,Haute Corse - 1,0.296004780901639,0.2316043108602224,
2b-2,Francis Giudici,Stephanie Grimaldi,,REM,LR,,Haute Corse - 2,0.2844432506870993,0.21378880366122374,
3-1,Pauline Riviere,Pierre-Andre Perissol,,REM,LR,,Allier - 1,0.2692060828969464,0.2105556116787963,
3-2,Laurence Vanceunebrock-Mialon,Daniel Duglery,,REM,LR,,Allier - 2,0.27529294342724314,0.17885655978377207,
3-3,Benedicte Peyrol,Gabriel Maquin,,REM,LR,,Allier - 3,0.33544628158168116,0.20042377650201132,
30-1,Francoise Dumas,Yoann Gillet,,REM,FN,,Gard - 1,0.3577471630078656,0.196138678728173,
30-2,Gilbert Collard,Sara Marie,,FN,MDM,,Gard - 2,0.3500631849617551,0.23202416087381666,
30-3,Anthony Cellier,Monique Tezenas Du Montcel,,REM,FN,,Gard - 3,0.25154335529107563,0.22437226838934013,
30-4,Fabrice Verdier,Annie Chapelier,,SOC,REM,,Gard - 4,0.22259474288023398,0.19374288976409712,
30-5,Olivier Gaillard,Guillaume Roiron,,REM,FI,,Gard - 5,0.2180661897578041,0.18637429211277087,
30-6,Christophe Cavard,Philippe Berta,,ECO,REM,,Gard - 6,0.2134365824814105,0.19386965041166437,
31-1,Pierre Cabare,Catherine Lemorton,,REM,SOC,,Haute Garonne - 1,0.29260545028546503,0.256369358151282,
31-10,Sebastien Nadot,Kader Arif,,REM,SOC,,Haute Garonne - 10,0.24186907124083692,0.22032809784610924,
31-2,Jean-Luc Lagleize,Gerard Bapt,,MDM,SOC,,Haute Garonne - 2,0.27086177084471647,0.24570731038322235,
31-3,Corinne Vignon,Laurence Arribage,,REM,LR,,Haute Garonne - 3,0.313421766395181,0.30450931616422094,
31-4,Mickael Nogal,Martine Martinel,,REM,SOC,,Haute Garonne - 4,0.24574115962666107,0.24517833656785964,
31-5,Jean-Francois Portarrieu,Sylvie Espagnolle-Labrune,,REM,FI,,Haute Garonne - 5,0.30400032156629453,0.17868398881905784,
31-6,Monique Iborra,Patrick Jimena,,REM,FI,,Haute Garonne - 6,0.3750884666605639,0.16066211471509848,
31-7,Elisabeth Toutut-Picard,Christophe Bex,,REM,FI,,Haute Garonne - 7,0.27948551094122354,0.1891209421098804,
31-8,Michel Montsarrat,Philippe Gimenez,,REM,FI,,Haute Garonne - 8,0.2777538485438527,0.17273852061656722,
31-9,Christophe Borgel,Sandrine Morch,,SOC,REM,,Haute Garonne - 9,0.2575011955627645,0.2528117363359156,
32-1,Jean-Rene Cazeneuve,Pascal Penetro,,REM,FI,,Gers - 1,0.32088278899298056,0.15683939399969943,
32-2,Gisele Biemouret,Christopher Soccio,,SOC,REM,,Gers - 2,0.24053899142164326,0.23795260968995616,
33-1,Dominique David,Nicolas Florian,,REM,LR,,Gironde - 1,0.31163039218526223,0.23131876190597062,
33-10,Florent Boudie,Jean-Paul Garraud,,REM,LR,,Gironde - 10,0.3373339163064965,0.19235245547631297,
33-11,Veronique Hammerer,Edwige Diaz,,REM,FN,,Gironde - 11,0.255360795096961,0.2361487909575645,
33-12,Christelle Dubos,Christophe Miqueu,,REM,FI,,Gironde - 12,0.28997476747736034,0.17938324499801137,
33-2,Catherine Fabre,Michele Delaunay,,REM,SOC,,Gironde - 2,0.2618118236719397,0.24768421023367632,
33-3,Marik Fetouh,Loic Prud'Homme,,REM,FI,,Gironde - 3,0.28544301871364647,0.21128598784499536,
33-4,Aziz S'Kalli-Bouaziza,Maud Besson,,REM,FI,,Gironde - 4,0.3310093415862786,0.23343928894363591,
33-5,Pascale Got,Benoit Simian,,SOC,REM,,Gironde - 5,0.26378898213773366,0.2292371374434492,
33-6,Eric Poulliat,Marie Recalde,,REM,SOC,,Gironde - 6,0.2933717720222461,0.249692969951303,
33-7,Berangere Couillard,Johanne Sebaux,,REM,FI,,Gironde - 7,0.3392258407263505,0.19121365025227896,
33-8,Yves Foulon,Sophie Panonacle,,LR,REM,,Gironde - 8,0.32461482305681416,0.29398901193705296,
33-9,Gilles Savary,Sophie Mette,,SOC,MDM,,Gironde - 9,0.24282040729102614,0.2364572272100214,
34-1,Jean-Louis Roumegas,Patricia Miralles,,ECO,REM,,Herault - 1,0.22306793597234198,0.19583048456312166,
34-2,Anne-Yvonne Le Dain,Stephanie Jannin,,DVG,REM,,Herault - 2,0.15989323440279585,0.15834547395696771,
34-3,Coralie Dubost,Fanny Dombre Coste,,REM,SOC,,Herault - 3,0.22106953777515004,0.2206526817375177,
34-4,Frederic Roig,Jean-Francois Eliaou,,SOC,REM,,Herault - 4,0.20793485812224197,0.1884996946929262,
34-5,Philippe Huppe,Gilles Ardinat,,REM,FN,,Herault - 5,0.2214217397598749,0.20400923789573933,
34-6,Elie Aboud,Emmanuelle Menard,,LR,FN,,Herault - 6,0.24628901907876993,0.211643588918869,
34-7,Sebastien Denaja,Christophe Euzet,,SOC,REM,,Herault - 7,0.20937244279874734,0.1788760472485247,
34-8,Christian Assaf,Nicolas Demoulin,,SOC,REM,,Herault - 8,0.21306050978728702,0.18955236830899605,
34-9,Patrick Vignal,Guillaume Vouzellaud,,REM,FN,,Herault - 9,0.33291448352858866,0.18975101163595942,
35-1,Mostapha Laabid,Marie-Anne Chapdelaine,,REM,SOC,,Ille Et Vilaine - 1,0.2869306533809136,0.21253004060916855,
35-2,Laurence Maillart-Mehaignerie,Bertrand Plouvier,,MDM,LR,,Ille Et Vilaine - 2,0.3364159374898652,0.16174450135377352,
35-3,Francois Andre,Virginie Abautret,,SOC,FI,,Ille Et Vilaine - 3,0.3210282282552983,0.1898540871540656,
35-4,Gael Le Bohec,Marc Martin,,REM,FI,,Ille Et Vilaine - 4,0.333153626225698,0.15897130585892616,
35-5,Christine Cloarec,Isabelle Le Callennec,,REM,LR,,Ille Et Vilaine - 5,0.313127808120217,0.31266692418488384,
35-6,Thierry Benoit,Nolwenn Vahe,,UDI,REM,,Ille Et Vilaine - 6,0.297660559381257,0.2852260952279809,
35-7,Gilles Lurton,Valerie Fribolle,,LR,REM,,Ille Et Vilaine - 7,0.2980445297486548,0.2893720753804772,
35-8,Florian Bachelier,Enora Le Pape,,REM,FI,,Ille Et Vilaine - 8,0.34130714930164885,0.17755479722405315,
36-1,Jean-Paul Chanteguet,Paulette Picard,,SOC,LR,,Indre - 1,0.32499723925258217,0.16002875822387477,
36-2,Isabelle Bruneau,Sophie Guerin,,SOC,MDM,,Indre - 2,0.25533302852923817,0.20372257078355538,
37-1,Philippe Chalumeau,Jean-Patrick Gille,,REM,SOC,,Indre Et Loire - 1,0.26721914045774187,0.258908793209379,
37-2,Claude Greff,Daniel Labaronne,,LR,REM,,Indre Et Loire - 2,0.29486479762809065,0.27385903533404915,
37-3,Marisol Touraine,Sophie Auconie,,SOC,UDI,,Indre Et Loire - 3,0.3289228898947221,0.1905447154216909,
37-4,Laurent Baumel,Fabienne Colboc,,SOC,REM,,Indre Et Loire - 4,0.2394122103367285,0.22872278489879988,
37-5,Sabine Thillaye,Fabrice Boigard,,REM,LR,,Indre Et Loire - 5,0.27746901505368843,0.2434430997682136,
38-1,Olivier Veran,Jean-Damien Mermillod-Blondin,,REM,UDI,,Isere - 1,0.35653105048264916,0.17490450275197647,
38-10,Joelle Huillier,Marjolaine Meynier-Millefert,,SOC,REM,,Isere - 10,0.24101274778345233,0.22086274866269498,
38-2,Jean-Charles Colas-Roy,Taha Bouhafs,,REM,FI,,Isere - 2,0.29892121961134593,0.20594493735970498,
38-3,Michel Destot,Emilie Chalas,,SOC,REM,,Isere - 3,0.263640126348496,0.2542581001486713,
38-4,Fabrice Hugele,Marie-Noelle Battistel,,REM,SOC,,Isere - 4,0.2614826928835369,0.24903532464057043,
38-5,Catherine Kamowski,Philippe Langenieux-Villard,,REM,LR,,Isere - 5,0.2925214820360705,0.19466289710600826,
38-6,Alain Moyne-Bressand,Cendra Motin,,LR,REM,,Isere - 6,0.31785078734205197,0.25336214463820617,
38-7,Monique Limon,Pierre Delacroix,,REM,FN,,Isere - 7,0.27979456896656074,0.23323038418271771,
38-8,Erwann Binet,Caroline Abadie,,SOC,REM,,Isere - 8,0.2616959635512973,0.23799534487382795,
38-9,Elodie Jacquier-Laforge,Marie-Pierre Micoud,,MDM,FI,,Isere - 9,0.30637261822262274,0.15055787531531858,
39-1,Danielle Brulebois,Cyrille Brero,,REM,LR,,Jura - 1,0.27948997755993665,0.19383224415336464,
39-2,Marie-Christine Dalloz,Anne Prost-Grosjean,,LR,MDM,,Jura - 2,0.33834021750007315,0.24814388068478294,
39-3,Jean-Marie Sermier,Paul-Henri Bard,,LR,MDM,,Jura - 3,0.32046316923127777,0.24970901673177595,
4-1,Delphine Bagarry,Odile Brun,,REM,FN,,Alpes De Haute Provence - 1,0.24451335526648196,0.19517941213388518,
4-2,Christophe Castaner,Leo Walter,,REM,FI,,Alpes De Haute Provence - 2,0.34247758386657784,0.15754112319592112,
40-1,Genevieve Darrieussecq,Celine Piot,,MDM,FI,,Landes - 1,0.3030198597242055,0.13500037323126368,
40-2,Lionel Causse,Caroline Dacharry,,REM,FI,,Landes - 2,0.32809593157480055,0.15900653113004115,
40-3,Jean-Pierre Steiner,Philippe Dubourg,,REM,FI,,Landes - 3,0.3038110151530881,0.19812672551936256,
41-1,Marc Fesneau,Denys Robiliard,,MDM,SOC,,Loir Et Cher - 1,0.2659337162376298,0.2642778000201532,
41-2,Jean-Luc Brault,Guillaume Peltier,,REM,LR,,Loir Et Cher - 2,0.280124740825784,0.2791829901487868,
41-3,Maurice Leroy,Marlene Martin,,UDI,REM,,Loir Et Cher - 3,0.3418792743441279,0.2510610072002707,
42-1,Regis Juanico,Magalie Viallon,,SOC,REM,,Loire - 1,0.25645134442892437,0.2339405332706089,
42-2,Jean-Michel Mis,Andree Taurinya,,REM,FI,,Loire - 2,0.3355583148642179,0.20396871565264443,
42-3,Francois Rochebloine,Valeria Faure-Muntian,,UDI,REM,,Loire - 3,0.2834412219013493,0.23050155774392211,
42-4,Dino Cinieri,David Kauffer,,LR,REM,,Loire - 4,0.2870604557832442,0.24180555641023868,
42-5,Nathalie Sarles,Clotilde Robin,,MDM,LR,,Loire - 5,0.2899537941445006,0.2340421856834372,
42-6,Paul Salen,Julien Borowczyk,,LR,REM,,Loire - 6,0.31542194438590526,0.26435801708987205,
43-1,Cecile Gallien,Isabelle Valentin,,MDM,LR,,Haute Loire - 1,0.2856425639381233,0.1976256774181668,
43-2,Jean-Pierre Vigier,Pierre Eteocle,,LR,REM,,Haute Loire - 2,0.3182159395425491,0.2769074779892347,
44-1,Francois De Rugy,Julien Bainvel,,REM,LR,,Loire Atlantique - 1,0.3770047861771297,0.1877729892154565,
44-10,Sophie Errante,Jerome Guiho,,REM,LR,,Loire Atlantique - 10,0.3720795262467969,0.19383252083127975,
44-2,Valerie Oppelt,Carole Malard,,REM,FI,,Loire Atlantique - 2,0.3078192782284729,0.20002666291992455,
44-3,Anne-France Brunet,Martine Gourdon,,REM,FI,,Loire Atlantique - 3,0.28683260070514627,0.20153935552073282,
44-4,Aude Amadou,Dominique Raimbourg,,REM,SOC,,Loire Atlantique - 4,0.2603363557444162,0.24224338960828748,
44-5,Sarah El Hairy,Michel Menard,,MDM,SOC,,Loire Atlantique - 5,0.2826075033872351,0.24626179485261723,
44-6,Yves Daniel,Alain Hunault,,REM,LR,,Loire Atlantique - 6,0.3612809638534393,0.17557940327345267,
44-7,Sandrine Josso,Franck Louvrier,,REM,LR,,Loire Atlantique - 7,0.31484429598164965,0.27196775257347267,
44-8,Audrey Dufeu Schubert,Lionel Debraye,,REM,FI,,Loire Atlantique - 8,0.3254981878477306,0.23599750916853043,
44-9,Yannick Haury,Monique Rabin,,MDM,DVG,,Loire Atlantique - 9,0.25542731337206387,0.23186417522550815,
45-1,Stephanie Rist,Charles-Eric Lemaignen,,REM,LR,,Loiret - 1,0.3127192902281618,0.27106509096732095,
45-2,Serge Grouard,Caroline Janvier,,LR,REM,,Loiret - 2,0.2962848430316698,0.2755384500888506,
45-3,Claude De Ganay,Jihan Chelly,,LR,REM,,Loiret - 3,0.33149650000366765,0.2488263250306286,
45-5,Marianne Dubois,David Simonnet,,LR,REM,,Loiret - 5,0.2932417072919864,0.2536242184829493,
45-6,Richard Ramos,Valerie Corre,,MDM,SOC,,Loiret - 6,0.27007866196342456,0.24920495928631464,
46-1,Sebastien Maurel,Dominique Orliac,,REM,RDG,,Lot - 1,0.2548840282987065,0.2396022177844443,
46-2,Huguette Tiegna,Pierre Dufour,,REM,FI,,Lot - 2,0.3105364660772795,0.2001793929962958,
47-1,Lucette Lousteau,Michel Lauzzana,,SOC,REM,,Lot Et Garonne - 1,0.24011895239420833,0.2190128506119542,
47-2,Matthias Fekl,Alexandre Freschi,,SOC,REM,,Lot Et Garonne - 2,0.25049166798497796,0.22091265790292675,
47-3,Jean-Louis Costes,Olivier Damaisin,,LR,REM,,Lot Et Garonne - 3,0.2761940273392949,0.2372877037139722,
48-1,Pierre Morel A L'Huissier,Francis Palombi,,LR,REM,,Lozere - 1,0.30723387799215723,0.24487172065460205,
49-1,Matthieu Orphelin,Luc Belot,,REM,SOC,,Maine Et Loire - 1,0.2810872099742079,0.2513252866571625,
49-2,Stella Dupont,Maxence Henry,,REM,LR,,Maine Et Loire - 2,0.32243051097522146,0.21644206065963648,
49-3,Jean-Charles Taugourdeau,Anne Barrault,,LR,REM,,Maine Et Loire - 3,0.3388692682026591,0.2396525534744165,
49-4,Eric Touron,Laetitia Saint-Paul,,UDI,REM,,Maine Et Loire - 4,0.29375262279390996,0.28173125889492673,
49-5,Denis Masseglia,Kevin Certenais,,REM,FI,,Maine Et Loire - 5,0.4871235713565879,0.12381323047843044,
49-6,Serge Bardy,Nicole Dubre-Chirat,,SOC,REM,,Maine Et Loire - 6,0.2678371034657292,0.2650937965662996,
49-7,Philippe Bolo,Etienne Glemot,,MDM,LR,,Maine Et Loire - 7,0.3179689961217372,0.25387120894032095,
5-1,Karine Berger,Pascale Boyer,,SOC,REM,,Hautes Alpes - 1,0.25909766460510586,0.21168371533095134,
5-2,Joel Giraud,Chantal Eymeoud,,REM,UDI,,Hautes Alpes - 2,0.3413212723648823,0.1932660705285763,
50-1,Philippe Gosselin,Benoite Nouet,,LR,REM,,Manche - 1,0.3497325128490311,0.29570256646713305,
50-2,Guenhael Huet,Bertrand Sorre,,LR,REM,,Manche - 2,0.3657704392681871,0.2893171026551173,
50-3,Stephane Travert,Jean-Manuel Cousin,,REM,LR,,Manche - 3,0.3946684506828593,0.17610904755943046,
50-4,Blaise Mistler,Yvonne Pecoraro,,REM,FI,,Manche - 4,0.35944968580261977,0.156186636653475,
51-1,Valerie Beauvais,Sandrine Vignot,,LR,FN,,Marne - 1,0.31554702799027284,0.22715262762139243,
51-2,Catherine Vautrin-Pennaforte,Aina Kuric,,LR,REM,,Marne - 2,0.3599440647730323,0.2842939277473096,
51-3,Eric Girardin,Rachel Paillard,,REM,LR,,Marne - 3,0.27144269863352316,0.24844885185504448,
51-4,Lise Magnier,Thierry Besson,,LR,FN,,Marne - 4,0.2863589149753432,0.26774131278791363,
52-1,Berangere Abba,Adrien Guene,,REM,LR,,Haute Marne - 1,0.2785159149469818,0.2400713035311426,
53-1,Beatrice Mottier,Guillaume Garot,,REM,SOC,,Mayenne - 1,0.2561019774054801,0.24983558041724332,
53-2,Guillaume Chevrollier,Geraldine Bannier,,LR,MDM,,Mayenne - 2,0.37690493979635636,0.2747366406447594,
53-3,Yannick Favennec,Josselin Chouzy,,UDI,REM,,Mayenne - 3,0.36092934024751755,0.2829080452494546,
54-1,Carole Grandjean,Chaynesse Khirouni,,REM,SOC,,Meurthe Et Moselle - 1,0.24841393737467232,0.2428219321433718,
54-2,Laurent Garcia,Herve Feron,,MDM,SOC,,Meurthe Et Moselle - 2,0.28661867548818437,0.26008178542014293,
54-3,Christian Eckert,Xavier Paluszkiewicz,,SOC,REM,,Meurthe Et Moselle - 3,0.2591814792129915,0.21623658921019823,
54-4,Philippe Buzzi,Dominique Bilde,,REM,FN,,Meurthe Et Moselle - 4,0.2632405946461622,0.23497436067244248,
54-5,Dominique Potier,Marion Buchet,,SOC,REM,,Meurthe Et Moselle - 5,0.258884705527039,0.2058112758468079,
54-6,Cedric Marsolle,Caroline Fiat,,FN,FI,,Meurthe Et Moselle - 6,0.3036086165969294,0.24295010010560972,
55-2,Jean-Louis Dumont,Emilie Cariou,,SOC,REM,,Meuse - 2,0.2740096909299415,0.21192866060160329,
56-1,Herve Pellois,Christine Penhouet,,REM,LR,,Morbihan - 1,0.40512646555463105,0.20914862002835152,
56-2,Philippe Le Ray,David Jan,,LR,FI,,Morbihan - 2,0.38232978632415193,0.14731006713093714,
56-3,Nicole Le Peih,Soizic Perrault,,REM,LR,,Morbihan - 3,0.2968093331516305,0.16027786097006944,
56-4,Paul Molac,Marie-Helene Herry,,REM,LR,,Morbihan - 4,0.3075865670200143,0.15354631123953985,
56-5,Gwendal Rouillard,Alexandre Scheuer,,REM,FI,,Morbihan - 5,0.4314572674591176,0.14042780106961653,
56-6,Jean-Michel Jacques,Philippe Nogues,,REM,DVG,,Morbihan - 6,0.2689745579903672,0.22867295038443428,
57-1,Aurelie Filippetti,Belkhir Belhaddad,,SOC,REM,,Moselle - 1,0.256997952250255,0.22372933673313236,
57-2,Ludovic Mendes,Jean Francois,,REM,LR,,Moselle - 2,0.3013615134777883,0.1832414620825781,
57-3,Marie-Jo Zimmermann,Richard Lioger,,LR,REM,,Moselle - 3,0.31493492568617193,0.2843494517396422,
57-5,Celeste Lett,Nicole Gries-Trisse,,LR,REM,,Moselle - 5,0.30985508078246066,0.22219719604026428,
57-6,Christophe Arend,Florian Philippot,,REM,FN,,Moselle - 6,0.21850959797362687,0.2183630538904517,
57-7,Paola Zanetti,Helene Zannier,,SOC,REM,,Moselle - 7,0.2503535485782662,0.20064145231460648,
57-8,Brahim Hammouche,Lionel Burriello,,MDM,FI,,Moselle - 8,0.284664153897982,0.21935468004364453,
57-9,Isabelle Rauch,Pauline Lapointe-Zordan,,REM,LR,,Moselle - 9,0.3050290992500415,0.2085999722855544,
58-1,Perrine Goulet,Gaetan Gorce,,REM,SOC,,Nievre - 1,0.24598836640313607,0.20270930325388686,
58-2,Christian Paul,Patrice Perrot,,SOC,REM,,Nievre - 2,0.2514800315941043,0.2173254701525777,
59-1,Francois Lamy,Christophe Itier,,SOC,REM,,Nord - 1,0.2264094219063846,0.1852091027226336,
59-10,Vincent Ledoux,Sophie Taieb,,LR,REM,,Nord - 10,0.26141359569219963,0.21111555026148415,
59-11,Laurent Pietraszewski,Sebastien Polveche,,REM,FI,,Nord - 11,0.21497775048457965,0.14097291997205427,
59-12,Christian Bataille,Gerard Philippe,,DVG,FN,,Nord - 12,0.24505443411929262,0.20059095508096839,
59-13,Christian Hutin,Philippe Eymery,,DVG,FN,,Nord - 13,0.28174537196941773,0.20966449744369542,
59-14,Julien Lemaitte,Jean-Paul Tisserand,,REM,FN,,Nord - 14,0.2500321564256177,0.2382182424473224,
59-15,Jennifer De Temmerman,Pascal Prince,,REM,FN,,Nord - 15,0.23235535578912261,0.21747979958897132,
59-16,Hortense De Mereuil,Chantal Rybak,,FN,MDM,,Nord - 16,0.34429349330658243,0.30885191098110165,
59-17,Dimitri Houbron,Thibaut Francois,,REM,FN,,Nord - 17,0.26278291126848263,0.2456980729066938,
59-18,Melanie Disdier,Claire Pommeyrol-Burlet,,FN,REM,,Nord - 18,0.24847939691175314,0.24275927773693481,
59-19,Anne-Lise Dufour-Tonini,Sebastien Chenu,,SOC,FN,,Nord - 19,0.2700691345836194,0.20987987089141424,
59-2,Audrey Linkenheld,Houmria Berrada,,SOC,REM,,Nord - 2,0.2335641780951252,0.19575404670895685,
59-20,Ludovic De Danne,Daniel Zielinski,,FN,REM,,Nord - 20,0.2647933341809817,0.24756356640452737,
59-21,Valerie Caudron,Beatrice Descamps,,FN,UDI,,Nord - 21,0.24893032406142668,0.19143166962382221,
59-3,Remi Pauvros,Sylvie Goddyn,,SOC,FN,,Nord - 3,0.24729156215177447,0.1913731677267239,
59-4,Brigitte Liso,Jacques Houssin,,REM,LR,,Nord - 4,0.2707824917238313,0.21261164593195542,
59-5,Sebastien Huyghe,Guillaume Dekoninck,,LR,REM,,Nord - 5,0.26297912630501086,0.21416596335864244,
59-6,Thierry Lazaro,Charlotte Lecocq,,LR,REM,,Nord - 6,0.2975236873595634,0.256081422492515,
59-7,Francis Vercamer,Arnaud Verspieren,,UDI,MDM,,Nord - 7,0.29845029201737994,0.25968404102236126,
59-8,Catherine Osson,Paul Zilmia,,REM,FI,,Nord - 8,0.2261965191437513,0.20399293518782077,
59-9,Bernard Gerard,Valerie Petit,,LR,REM,,Nord - 9,0.32161192682478434,0.23799673194476598,
6-1,Eric Ciotti,Caroline Reverso-Meinietti,,LR,REM,,Alpes Maritimes - 1,0.32219502621909885,0.24474796605085297,
6-3,Rudy Salles,Cedric Roussel,,UDI,REM,,Alpes Maritimes - 3,0.2849709681129207,0.24380612644548239,
6-5,Marine Brenier,Chantal Agnely,,LR,FN,,Alpes Maritimes - 5,0.3480765765569101,0.2691082968221047,
6-7,Eric Pauget,Khaled Ben Abderrahmane,,LR,REM,,Alpes Maritimes - 7,0.2884729569201103,0.2855493414526282,
6-8,Bernard Brochand,Philippe Buerch,,LR,REM,,Alpes Maritimes - 8,0.34003077800258397,0.24490997979732765,
6-9,Michele Tabarot,Dominique Fillebeen,,LR,REM,,Alpes Maritimes - 9,0.34860519424152636,0.23748142896936544,
60-2,Gaetan Dussausaye,Agnes Thill,,FN,REM,,Oise - 2,0.25577857661048675,0.2552425649178888,
60-3,Michel Francaix,Pascal Bois,,DVG,REM,,Oise - 3,0.23042583178398063,0.21610819826599825,
60-4,Eric Woerth,Stephanie Lozano,,LR,REM,,Oise - 4,0.3327309284336194,0.23965838592000543,
60-5,Emmanuelle Bour,Francois Gachignard,,REM,FN,,Oise - 5,0.2554580931249012,0.21785314517389703,
60-6,Patrice Carvalho,Michel Guiniot,,COM,FN,,Oise - 6,0.23369824431810726,0.20614431334594296,
60-7,Jean-Francois Dardenne,Philippe Lambilliotte,,REM,FN,,Oise - 7,0.2906959196103953,0.24830286141248264,
61-1,Joaquim Pueyo,Bertrand Deniaud,,SOC,LR,,Orne - 1,0.327064783443769,0.25146258527910154,
61-2,Veronique Louwagie,Ophelie Lerouge,,LR,REM,,Orne - 2,0.3757723824797309,0.24370006253995263,
61-3,Isabelle Boscher,Jerome Nury,,REM,LR,,Orne - 3,0.27825990552737023,0.23908326758646167,
62-1,Jean-Jacques Cottel,Agnes Caudron,,SOC,FN,,Pas De Calais - 1,0.21647845295295068,0.1883834111569581,
62-10,Ludovic Pajot,Laurence Deschanel,,FN,REM,,Pas De Calais - 10,0.2935739839336069,0.228402262172941,
62-11,Philippe Kemel,Marine Le Pen,,SOC,FN,,Pas De Calais - 11,0.25510293106821763,0.250812721057371,
62-12,Bruno Bilde,Coralie Rembert,,FN,REM,,Pas De Calais - 12,0.2881767108229486,0.2243154378909983,
62-2,Jacqueline Maquet,Alban Heusele,,REM,FN,,Pas De Calais - 2,0.3133796638687481,0.13805259786749968,
62-3,Jose Evrard,Djordje Kuzmanovic,,FN,FI,,Pas De Calais - 3,0.27299470373572493,0.19999976369484848,
62-4,Daniel Fasquelle,Thibaut Guilluy,,LR,REM,,Pas De Calais - 4,0.3330684693174724,0.2560765155937822,
62-5,Jean-Pierre Pont,Antoine Golliot,,REM,FN,,Pas De Calais - 5,0.26388215450770264,0.18619649024974472,
62-6,Brigitte Bourguignon,Marie-Christine Bourgeois,,REM,FN,,Pas De Calais - 6,0.3446021214584233,0.22736746117663584,
62-7,Yann Capet,Philippe Olivier,,SOC,FN,,Pas De Calais - 7,0.26780160088653476,0.21066725232464736,
62-8,Benoit Potterie,Karine Haverlant,,REM,FN,,Pas De Calais - 8,0.2589628850042893,0.23588668225860496,
62-9,Stephane Saint-Andre,Jacques Delaire,,RDG,FN,,Pas De Calais - 9,0.22917187191474553,0.20229509394348333,
63-1,Valerie Thomas,Alain Laffont,,REM,FI,,Puy De Dome - 1,0.3374114711974768,0.2025410832877914,
63-2,Mohand Hamoumou,Christine Pires Beaune,,REM,SOC,,Puy De Dome - 2,0.26823073788225843,0.26808744965697906,
63-3,Laurence Vichnievsky,Louis Giscard D'Estaing,,MDM,UDI,,Puy De Dome - 3,0.27903056787801556,0.20224929071521144,
63-4,Michel Fanget,Catherine Mollet,,MDM,FI,,Puy De Dome - 4,0.33924053515405617,0.18835405889988538,
63-5,Sebastien Gardette,Andre Chassaigne,,REM,COM,,Puy De Dome - 5,0.25894752628060613,0.25266277066432813,
64-1,Josy Poueyto,Pauline Roy,,MDM,LR,,Pyrenees Atlantiques - 1,0.3756941081550247,0.18093758697545353,
64-2,Jean-Paul Mattei,Nathalie Chabanne,,MDM,SOC,,Pyrenees Atlantiques - 2,0.2834565876706715,0.22090918456841488,
64-3,Michel Bernos,David Habib,,REM,SOC,,Pyrenees Atlantiques - 3,0.2800531576869827,0.26543509910271684,
64-4,Loic Correge,Jean Lassalle,,REM,DVD,,Pyrenees Atlantiques - 4,0.22137049782951038,0.21855225704130876,
64-5,Florence Lasserre-David,Colette Capdevielle,,MDM,SOC,,Pyrenees Atlantiques - 5,0.2532259408092204,0.2274508685494143,
64-6,Vincent Bru,Sylviane Alaux,,MDM,SOC,,Pyrenees Atlantiques - 6,0.2533791787151402,0.24858211667702476,
65-1,Jean-Bernard Sempastous,Jean Glavany,,REM,SOC,,Hautes Pyrenees - 1,0.2784257264176208,0.2749119485685837,
65-2,Marie-Agnes Staricky,Jeanine Dubie,,REM,RDG,,Hautes Pyrenees - 2,0.25342947076286854,0.23378866588000402,
66-1,Romain Grau,Daniel Mach,,REM,LR,,Pyrenees Orientales - 1,0.20072277240510908,0.16646258071118147,
66-2,Fernand Sire,Louis Aliot,,LR,FN,,Pyrenees Orientales - 2,0.2725633111644743,0.23280220831701154,
66-3,Segolene Neuville,Laurence Gayte,,SOC,REM,,Pyrenees Orientales - 3,0.26267713545424093,0.1932990514382914,
66-4,Sebastien Cazenove,Stephane Massanell,,REM,FN,,Pyrenees Orientales - 4,0.22915212277825753,0.20609488332011136,
67-1,Thierry Michels,Eric Elkouby,,REM,SOC,,Bas Rhin - 1,0.30305193688059384,0.18722544502536007,
67-2,Sylvain Waserman,Philippe Bies,,MDM,SOC,,Bas Rhin - 2,0.24033705049070875,0.2261396686310032,
67-3,Bruno Studer,Georges Schuler,,REM,LR,,Bas Rhin - 3,0.34699325079375604,0.19650585912342036,
67-4,Sophie Rohfritsch,Martine Wonner,,LR,REM,,Bas Rhin - 4,0.3475554153200353,0.2702240173859639,
67-5,Antoine Herth,Eliane Klein,,LR,FN,,Bas Rhin - 5,0.43115174325131594,0.25538502666069857,
67-6,Laurent Furst,Guy Salomon,,LR,MDM,,Bas Rhin - 6,0.3433462928330297,0.2614087823266651,
67-7,Patrick Hetzel,Antoinette De Santis,,LR,REM,,Bas Rhin - 7,0.34639180856350793,0.23953055475771148,
67-8,Frederic Reiss,Christian Gliech,,LR,REM,,Bas Rhin - 8,0.33888487359113983,0.25457711660517585,
67-9,Vincent Thiebaut,Laurent Gnaedig,,REM,FN,,Bas Rhin - 9,0.28559553932832465,0.2222162969013496,
68-1,Eric Straumann,Stephanie Villemin,,LR,REM,,Haut Rhin - 1,0.33941804755664917,0.24459313814861472,
68-2,Hubert Ott,Jacques Cattin,,REM,LR,,Haut Rhin - 2,0.2802109575649729,0.27084228128827254,
68-3,Jean-Luc Reitzer,Patrick Striby,,LR,REM,,Haut Rhin - 3,0.3479062821568143,0.24661407676696998,
68-4,Aurelie Tacquard,Alain Favaletto,,REM,FN,,Haut Rhin - 4,0.2594761885541191,0.24487726893060446,
68-5,Cecile Lehr,Christelle Ritz,,REM,FN,,Haut Rhin - 5,0.3597221834203289,0.1630085747662652,
68-6,Francis Hillmeyer,Bruno Fuchs,,UDI,REM,,Haut Rhin - 6,0.30714416147189094,0.24807450954025484,
69-1,Elliott Aubin,Anne Lorne,,FI,LR,,Rhone - 1,0.2622517105351233,0.23593173207141027,
69-10,Thomas Gassilloud,Sophie Cruz,,REM,LR,,Rhone - 10,0.30337124102008795,0.2807634650019327,
69-11,Jean-Luc Fugit,Georges Fenech,,REM,LR,,Rhone - 11,0.27915450709749845,0.274222667576828,
69-12,Cyrille Isaac-Sibille,Jerome Moroge,,MDM,LR,,Rhone - 12,0.3184921127197627,0.2604726725694402,
69-13,Philippe Meunier,Daniele Cazarian,,LR,REM,,Rhone - 13,0.2909273581128371,0.2791876515984472,
69-14,Yves Blein,Benjamin Nivard,,REM,FI,,Rhone - 14,0.3992178297662889,0.22986097107033673,
69-2,Hubert Julien-Laferriere,Eleni Ferlet,,REM,FI,,Rhone - 2,0.3476314706389997,0.21298495939188433,
69-3,Jean-Louis Touraine,Pascal Le Brun,,REM,FI,,Rhone - 3,0.37313945193712683,0.1765862257536036,
69-4,Dominique Nachury,Anne Brugnera,,LR,REM,,Rhone - 4,0.33308806657682527,0.31978865414615393,
69-5,Philippe Cochet,Blandine Brocard,,LR,REM,,Rhone - 5,0.3707507584635111,0.302215413611275,
69-6,Bruno Bonnell,Laurent Legendre,,REM,FI,,Rhone - 6,0.31230676709908606,0.19337572841913242,
69-7,Anissa Khedher,Renaud Gauquelin,,REM,SOC,,Rhone - 7,0.25499698322818354,0.20080880811891352,
69-8,Patrice Verchere,Joelle Terroir,,LR,MDM,,Rhone - 8,0.3323736613910727,0.2660391766123075,
69-9,Bernard Perrut,Marion Croizeau,,LR,REM,,Rhone - 9,0.33418497577826173,0.2626375486716045,
7-1,Andre Dupont,Luisa Gaillard Sanchez,,REM,FI,,Ardeche - 1,0.2419857082293637,0.17506229313460608,
7-2,Olivier Dussopt,Laurette Gouyet-Pommaret,,SOC,REM,,Ardeche - 2,0.24972188402357215,0.23759408425368314,
7-3,Sabine Buis,Matthieu Peyraud,,SOC,REM,,Ardeche - 3,0.2537086322955643,0.2168925172773611,
70-2,Christophe Lejeune,Maurice Monnier,,REM,FN,,Haute Saone - 2,0.30368346628280246,0.27558301708771515,
71-1,Benjamin Dirx,Gerard Voisin,,REM,DVD,,Saone Et Loire - 1,0.25688569573146813,0.15673010466580958,
71-2,Vincent Chauvet,Josiane Corneloup,,MDM,LR,,Saone Et Loire - 2,0.29307606974479866,0.21523086387104307,
71-3,Philippe Baumel,Remy Rebeyrotte,,SOC,REM,,Saone Et Loire - 3,0.2582193921219505,0.22978405218620432,
71-4,Cecile Untermaier,Catherine Gabrelle,,SOC,REM,,Saone Et Loire - 4,0.2638967271405785,0.21313175655662314,
71-5,Raphael Gauvain,Christophe Sirugue,,REM,SOC,,Saone Et Loire - 5,0.25969270200426986,0.19655299373718568,
72-1,Francoise Dubois,Damien Pichereau,,SOC,REM,,Sarthe - 1,0.25482211214079314,0.22856836341809533,
72-2,Marietta Karamanli,Aurelie Perot,,SOC,REM,,Sarthe - 2,0.27241974935202673,0.21006034830271925,
72-3,Beatrice Pavy-Morancais,Pascale Fontenel-Personne,,LR,REM,,Sarthe - 3,0.26274431370226764,0.25250654241056175,
72-4,Stephane Le Foll,Emmanuel Franco,,SOC,LR,,Sarthe - 4,0.31093567528858995,0.24054576582471565,
72-5,Jean-Carles Grelier,Willy Colin,,LR,REM,,Sarthe - 5,0.3112039656924189,0.2831665357842545,
73-1,Dominique Dord,Typhanie Degois,,LR,REM,,Savoie - 1,0.3362268508051396,0.29052815810131655,
73-2,Vincent Rolland,Jean-Marie Garcin,,LR,FN,,Savoie - 2,0.38005435831678436,0.1853354793248021,
73-3,Philip Vivier,Emilie Bonnivard,,REM,LR,,Savoie - 3,0.2612997311977195,0.1545470289256443,
73-4,Patrick Mignola,Bernadette Laclais,,MDM,DVG,,Savoie - 4,0.24942968911107077,0.24192482130863688,
74-1,Veronique Riotton,Annabel Andre-Laurent,,REM,LR,,Haute Savoie - 1,0.2931188410271772,0.24930619040168958,
74-2,Lionel Tardy,Frederique Lardet,,LR,REM,,Haute Savoie - 2,0.2730290961008097,0.24264883784256047,
74-3,Martial Saddier,Guillaume Gibouin,,LR,REM,,Haute Savoie - 3,0.32451247210229983,0.25887071811212775,
74-4,Virginie Duby-Muller,Laura Devin,,LR,REM,,Haute Savoie - 4,0.32118803785044553,0.25507409473028647,
74-5,Patricia Mahut,Marion Lenne,,LR,REM,,Haute Savoie - 5,0.2823039260701832,0.26942684476817075,
74-6,Sophie Dion,Xavier Roseren,,LR,REM,,Haute Savoie - 6,0.3476023752948713,0.26774644281245946,
75-1,Sylvain Maillard,Jean-Francois Legaret,,REM,LR,,Paris - 1,0.3642706578340825,0.299052006413864,
75-10,Anne-Christine Lang,Leila Chaibi,,REM,FI,,Paris - 10,0.32192573304035776,0.17510831625797688,
75-12,Philippe Goujon,Olivia Gregoire,,LR,REM,,Paris - 12,0.402844343938679,0.3530417786314337,
75-13,Hugues Renson,Jean-Francois Lamour,,REM,LR,,Paris - 13,0.345621186027611,0.3411916305315276,
75-14,Claude Goasguen,Valerie Bougault-Delage,,LR,REM,,Paris - 14,0.4412862252550526,0.3029472909145558,
75-15,George Pau-Langevin,Mehdi Kemoune,,SOC,FI,,Paris - 15,0.3100781798508787,0.28979495512599796,
75-16,Mounir Mahjoubi,Jean-Christophe Cambadelis,,REM,SOC,,Paris - 16,0.2620741139498311,0.17171998950055978,
75-17,Beatrice Failles,Daniel Vaillant,,REM,DVG,,Paris - 17,0.2368893277227023,0.19937216514332842,
75-18,Paul Vannier,Pierre-Yves Bournazel,,FI,LR,,Paris - 18,0.24645154378635467,0.18988078920069898,
75-2,Gilles Le Gendre,Nathalie Kosciusko-Morizet,,REM,LR,,Paris - 2,0.2727834050767947,0.2539637999004314,
75-3,Stanislas Guerini,Annick Lepetit,,REM,SOC,,Paris - 3,0.30378118076527405,0.2329929503368078,
75-4,Brigitte Kuster,Ilana Cicurel,,LR,REM,,Paris - 4,0.3798501598474591,0.3477403861927808,
75-5,Benjamin Griveaux,Seybah Dagoma,,REM,SOC,,Paris - 5,0.3303598392377408,0.21544954682147802,
75-6,Pierre Person,Cecile Duflot,,REM,ECO,,Paris - 6,0.25861827912298974,0.19358665886434268,
75-7,Pacome Rupin,Patrick Bloche,,REM,SOC,,Paris - 7,0.32720425847545637,0.23750137236958424,
75-8,Laetitia Avia,Sandrine Mazetier,,REM,SOC,,Paris - 8,0.29576556357232003,0.22522858901418144,
75-9,Buon Tan,Raphael Qnouch,,REM,FI,,Paris - 9,0.3230363852912072,0.18292224746860586,
76-1,Damien Adam,Valerie Fourneyron,,REM,SOC,,Seine Maritime - 1,0.2697487964780094,0.26379596068065847,
76-10,Xavier Batut,Stacy Blondel,,REM,FN,,Seine Maritime - 10,0.26673692389525694,0.22246617071496638,
76-2,Francoise Guegot,Annie Vidal,,LR,REM,,Seine Maritime - 2,0.30143932772519444,0.26734413016160996,
76-3,Luce Pane,Cyrille Grenot,,SOC,REM,,Seine Maritime - 3,0.3006114602932552,0.2919681852648715,
76-4,Sira Sylla,Guillaume Bachelay,,REM,SOC,,Seine Maritime - 4,0.20734413752319858,0.17767868081984994,
76-5,Christophe Bouillon,Benedicte Le Moel,,SOC,FN,,Seine Maritime - 5,0.3233702498179833,0.2123984686867529,
76-6,Philippe Dufour,Nicolas Bay,,REM,FN,,Seine Maritime - 6,0.26687901074832837,0.2332462536285765,
76-7,Agnes Firmin Le Bodo,Gerald Maniable,,LR,FI,,Seine Maritime - 7,0.2432252664587526,0.23135663911869278,
76-8,Catherine Troallic,Francois Panchout,,SOC,FI,,Seine Maritime - 8,0.24997244998539167,0.19575619799859675,
76-9,Estelle Grelier,Stephanie Kerbarh,,SOC,REM,,Seine Maritime - 9,0.25084457304810404,0.19769042279837526,
77-1,Aude Luquet,Denis Jullemier,,MDM,LR,,Seine Et Marne - 1,0.28596043153963324,0.20337028536307586,
77-10,Stephanie Do,Maxime Laisney,,REM,FI,,Seine Et Marne - 10,0.31854964433212785,0.20684329175343436,
77-11,Olivier Faure,Amandine Rubinelli,,SOC,REM,,Seine Et Marne - 11,0.2709801561309076,0.25734447657943615,
77-2,Valerie Lacroute,Estelle Rousseau,,LR,REM,,Seine Et Marne - 2,0.3171222831381057,0.277407684592262,
77-3,Yves Jego,Aymeric Durox,,UDI,FN,,Seine Et Marne - 3,0.36825920666502526,0.2111767804387758,
77-4,Christian Jacob,Emmanuel Marcadet,,LR,REM,,Seine Et Marne - 4,0.3059037647519427,0.23859993982401362,
77-5,Franck Riester,Joffrey Bollee,,LR,FN,,Seine Et Marne - 5,0.39027020104279075,0.2137059752208861,
77-6,Laetitia Martig-Deces,Beatrice Roullaud,,REM,FN,,Seine Et Marne - 6,0.27572537692125937,0.20101662278870983,
77-7,Yves Albarello,Rodrigue Kokouendo,,LR,REM,,Seine Et Marne - 7,0.28702550721833253,0.25206232460388195,
77-8,Jean-Michel Fauvergue,Eduardo Rihan Cypel,,REM,SOC,,Seine Et Marne - 8,0.26469286143957105,0.23761195289315412,
77-9,Guy Geoffroy,Michele Peyron,,LR,REM,,Seine Et Marne - 9,0.3013714148226995,0.27494064380715405,
78-1,Didier Baichere,Francois-Xavier Bellamy,,REM,LR,,Yvelines - 1,0.3404968056295878,0.30910101225390846,
78-10,Aurore Berge,Jean-Frederic Poisson,,REM,DVD,,Yvelines - 10,0.3261085544283344,0.26126200530536925,
78-11,Benoit Hamon,Nadia Hai,,SOC,REM,,Yvelines - 11,0.2743162097413843,0.25785018450967273,
78-12,David Douillet,Florence Granjus,,LR,REM,,Yvelines - 12,0.3328826728660445,0.3045230500168387,
78-2,Jean-Noel Barrot,Pascal Thevenot,,MDM,LR,,Yvelines - 2,0.3273392347789998,0.321396001129346,
78-3,Philippe Brillault,Beatrice Piron,,LR,REM,,Yvelines - 3,0.36004870137957035,0.33582331865882165,
78-4,Marie Lebec,Ghislain Fournier,,REM,LR,,Yvelines - 4,0.35380408862305557,0.2910658987284476,
78-5,Jacques Myard,Yael Braun-Pivet,,LR,REM,,Yvelines - 5,0.3716984796397904,0.33096355420252377,
78-6,Pierre Morange,Natalia Pouzyreff,,LR,REM,,Yvelines - 6,0.3696550739481782,0.31842825921993195,
78-7,Michele De Vaucouleurs,Arnaud Richard,,MDM,UDI,,Yvelines - 7,0.30054089017798297,0.28232925795263764,
78-8,Francoise Descamps-Crosnier,Khadija Moudnib,,SOC,REM,,Yvelines - 8,0.24710841328352137,0.22661075576411624,
78-9,Jean-Marie Tetart,Bruno Millienne,,LR,MDM,,Yvelines - 9,0.2956459224227805,0.2905635099584392,
79-1,Guillaume Chiche,Nathalie Seguin,,REM,FI,,Deux Sevres - 1,0.36408303885067733,0.14511369072435285,
79-2,Delphine Batho,Christine Heintz,,SOC,REM,,Deux Sevres - 2,0.2928498169230673,0.2728636239178461,
79-3,Jean-Marie Fievet,Veronique Schaaf-Gauthier,,REM,LR,,Deux Sevres - 3,0.3417225024124617,0.2088686632063679,
8-1,Berengere Poletti,Jean-Pierre Morali,,LR,REM,,Ardennes - 1,0.3447994337291631,0.2482001749676587,
8-2,Christophe Leonard,Mario Iglesias,,SOC,REM,,Ardennes - 2,0.2730356474408199,0.22499588764328243,
80-1,Pascale Boistard,Nicolas Dumont,,SOC,REM,,Somme - 1,0.28456821553882017,0.22669041837515952,
80-2,Barbara Pompili,Olivier Jarde,,REM,DVD,,Somme - 2,0.3367937903799368,0.15844332350040935,
80-3,Jean-Claude Buisine,Bruno Mariage,,SOC,REM,,Somme - 3,0.27516839665964954,0.21285706443617386,
80-4,Jean-Claude Leclabart,Eric Richermoz,,REM,FN,,Somme - 4,0.2761343404412659,0.24161769696908644,
80-5,Stephane Demilly,Loic Grimaux,,UDI,FN,,Somme - 5,0.37160689130745134,0.2900905373776643,
81-1,Philippe Folliot,Anne-Michele Bianchi,,DVD,LR,,Tarn - 1,0.35566162922316524,0.15086670181313935,
81-2,Marie-Christine Verdier-Jouclas,Thomas Domenech,,REM,FI,,Tarn - 2,0.22769966663034608,0.17464257428775057,
81-3,Linda Gourjade,Jean Terlier,,SOC,REM,,Tarn - 3,0.22539803317035026,0.20142860272409005,
82-1,Valerie Rabault,Pierre Mardegan,,SOC,REM,,Tarn Et Garonne - 1,0.2564494526459709,0.22650589867599635,
82-2,Sylvia Pinel,Romain Lopez,,RDG,FN,,Tarn Et Garonne - 2,0.3050266971722537,0.23178632485621684,
83-1,Genevieve Levy,Elisabeth Chantrieux,,LR,REM,,Var - 1,0.29134495542106914,0.2026538782440505,
83-2,Philippe Vitel,Cecile Muschotti,,LR,REM,,Var - 2,0.2792473385293411,0.213637274292893,
83-3,Jean-Louis Masson,Alexandre Zapolsky,,LR,REM,,Var - 3,0.2633695790152921,0.24406113943033075,
83-4,Francoise Dumont,Philippe Lottiaux,,LR,FN,,Var - 4,0.24781152289855235,0.23621269218739854,
83-6,Jerome Riviere,Valerie Gomez-Bassac,,FN,REM,,Var - 6,0.2464836743627635,0.20757070436316535,
83-7,Jean-Sebastien Vialatte,Frederic Boccaletti,,LR,FN,,Var - 7,0.26986070446727634,0.20018841646180968,
84-1,Jean-Francois Cesarini,Amandine Laugier,,REM,FI,,Vaucluse - 1,0.24969335996207392,0.18947358924791127,
84-3,Herve De Lepinau,Brune Poirson,,FN,REM,,Vaucluse - 3,0.2871012189169859,0.2331575204838816,
84-4,Jacques Bompard,Catherine Candela,,EXD,FN,,Vaucluse - 4,0.2491876714754938,0.20102820371191493,
84-5,Julien Aubert,Jean Viard,,LR,REM,,Vaucluse - 5,0.28433379492599087,0.24242944160977106,
85-1,Philippe Latombe,Alain Leboeuf,,MDM,LR,,Vendee - 1,0.2882540331070436,0.2852332769892055,
85-2,Sylviane Bulteau,Patricia Gallerneau,,SOC,MDM,,Vendee - 2,0.25407124631520855,0.24985374167236454,
85-3,Stephane Buchou,Florence Pineau,,REM,LR,,Vendee - 3,0.29097208245518985,0.2405581715645936,
85-4,Martine Leguille-Balloy,Wilfrid Montassier,,REM,UDI,,Vendee - 4,0.3371567771116003,0.2505760225663786,
85-5,Pierre Henriet,Hugues Fourage,,REM,SOC,,Vendee - 5,0.2463534944685057,0.24392534764850532,
86-1,Jacques Savatier,Celine Cuvillier,,REM,FI,,Vienne - 1,0.3319122404123916,0.18669363414299622,
86-2,Sacha Houlie,Frederic Abrachkoff,,REM,FI,,Vienne - 2,0.3398909622205285,0.17728923437816674,
86-3,Jean-Michel Clement,Enguerrand Delannoy,,REM,LR,,Vienne - 3,0.3474640642678086,0.18843211319460904,
86-4,Veronique Massonneau,Nicolas Turquois,,ECO,MDM,,Vienne - 4,0.26025088068204716,0.22265025401144756,
87-1,Sophie Beaudouin-Hubiere,Danielle Soury,,REM,FI,,Haute Vienne - 1,0.3073654635684169,0.18556052706366902,
87-2,Jean-Baptiste Djebbari-Bonnet,Hubert Hurard,,REM,FI,,Haute Vienne - 2,0.3139539252158065,0.1797471349120727,
87-3,Catherine Beaubatie,Marie-Ange Magne,,SOC,REM,,Haute Vienne - 3,0.2699686129510524,0.26514352165172794,
88-1,Alisson Hamelin,Sebastien Humbert,,REM,FN,,Vosges - 1,0.25428248197628883,0.19556284333166604,
88-3,Claude Thirard,Marina Do Santos,,REM,FN,,Vosges - 3,0.3501543935389146,0.23647598137297415,
88-4,Christian Franqueville,Raynald Magnien-Coeurdacier,,SOC,MDM,,Vosges - 4,0.2415934147034936,0.20616769321320727,
89-1,Guillaume Larrive,Paulo Da Silva Moreira,,LR,REM,,Yonne - 1,0.3328733539998954,0.2703971645385213,
89-2,Jean-Yves Caullet,Edwige Jacquet,,REM,FN,,Yonne - 2,0.3394149095422573,0.17815665985989637,
9-1,Jerome Azema,Benedicte Taurine,,REM,FI,,Ariege - 1,0.27681078385574065,0.238629815843443,
9-2,Alain Faure,Huguette Bertrand-Vinzerich,,SOC,REM,,Ariege - 2,0.2461840377539912,0.19518998107922342,
90-1,Christophe Grudler,Jean-Raphael Sandri,,MDM,FN,,Territoire De Belfort - 1,0.2992370580988652,0.21234131359025876,
90-2,Michel Zumkeller,Bruno Kern,,UDI,REM,,Territoire De Belfort - 2,0.27980259597205925,0.23677172287334428,
91-1,Manuel Valls,Farida Amrani,,DVG,FI,,Essonne - 1,0.2810933265575759,0.20914134230678247,
91-10,Malek Boutih,Pierre-Alain Raphan,,SOC,REM,,Essonne - 10,0.24844119566018394,0.2275507271724627,
91-2,Franck Marlin,Daphne Ract-Madoux,,LR,MDM,,Essonne - 2,0.3104604906860532,0.25054700470246377,
91-3,Laetitia Romeiro Dias,Michel Pouzol,,REM,SOC,,Essonne - 3,0.25410102864519707,0.2508391167725848,
91-4,Marie-Pierre Rixain,Agnes Evren,,REM,LR,,Essonne - 4,0.32295644886679137,0.220234503774392,
91-5,Cedric Villani,Maud Olivier,,REM,SOC,,Essonne - 5,0.29745826079248094,0.23585302895685817,
91-6,Amelie De Montchalin,Philippe Juraver,,REM,FI,,Essonne - 6,0.3274525555620574,0.15991388535035722,
91-7,Muriel Kernreuter,Eva Sas,,REM,ECO,,Essonne - 7,0.24277394605333472,0.24232404732234034,
91-8,Nicolas Dupont-Aignan,Antoine Pavamani,,DLF,REM,,Essonne - 8,0.3014778733628575,0.2630542342711149,
91-9,Marie Guevenoux,Veronique Carantois,,REM,LR,,Essonne - 9,0.28362048480617236,0.20186808610722198,
92-1,Alexis Bachelay,Isia Khalfi,,SOC,REM,,Hauts De Seine - 1,0.23449563786290686,0.21617701350281823,
92-10,Gabriel Attal,Jeremy Coste,,REM,UDI,,Hauts De Seine - 10,0.4002530778883411,0.21621639913875446,
92-11,Laurianne Rossi,Julie Sommaruga,,REM,SOC,,Hauts De Seine - 11,0.3086380419502942,0.2656883843027218,
92-13,Frederique Dumas,Georges Siffredi,,REM,LR,,Hauts De Seine - 13,0.37610614485620164,0.2891797566663338,
92-2,Adrien Taquet,Marie-Do Aeschlimann,,REM,LR,,Hauts De Seine - 2,0.3702068463017269,0.2407304423341424,
92-3,Christine Hennion,Jean Spiri,,REM,LR,,Hauts De Seine - 3,0.3707861777449415,0.3034807900107144,
92-4,Isabelle Florennes,Rossana Morain,,MDM,FI,,Hauts De Seine - 4,0.35039678545742503,0.2587524512325056,
92-5,Celine Calvez,Arnaud De Courson,,REM,LR,,Hauts De Seine - 5,0.33849134623776483,0.2777078339896896,
92-6,Laurent Zameczkowski,Constance Le Grip,,REM,LR,,Hauts De Seine - 6,0.3252782358175652,0.28273840434695224,
92-7,Jacques Marilossian,Eric Berdoati,,REM,LR,,Hauts De Seine - 7,0.38435709085205705,0.34012944186863026,
92-8,Jacques Maire,Gilles Boyer,,REM,LR,,Hauts De Seine - 8,0.37841795954425733,0.307612019332504,
92-9,Thierry Solere,Claire De Thezy,,LR,DVD,,Hauts De Seine - 9,0.6085975430739448,0.07860551304990149,
93-1,Sebastien Menard,Eric Coquerel,,REM,FI,,Seine Saint Denis - 1,0.26047367084881584,0.23026626382685839,
93-10,Daniel Goldberg,Billel Ouadah,,SOC,REM,,Seine Saint Denis - 10,0.2833245692621016,0.23515509616324903,
93-11,Clementine Autain,Elsa Wanlin,,FI,REM,,Seine Saint Denis - 11,0.31385129582048676,0.2891320421822815,
93-12,Stephane Teste,Juan Branco,,REM,FI,,Seine Saint Denis - 12,0.2639467543693078,0.17691103152508614,
93-2,Mathieu Hanotin,Stephane Peu,,SOC,FI,,Seine Saint Denis - 2,0.27171788634851246,0.20256567445257173,
93-3,Patrice Anato,Dominique Delaunay,,REM,FI,,Seine Saint Denis - 3,0.3181809018729954,0.19389233741743944,
93-4,Marie-George Buffet,Prisca Thevenot,,COM,REM,,Seine Saint Denis - 4,0.3888680179903232,0.2570930516242812,
93-5,Jean-Christophe Lagarde,Malika Maalem-Chibane,,UDI,REM,,Seine Saint Denis - 5,0.26960830929256846,0.19982750799059248,
93-6,Elisabeth Guigou,Alexandre Aidara,,SOC,REM,,Seine Saint Denis - 6,0.3158754558631687,0.22472284557848224,
93-7,Razzy Hammadi,Alexis Corbiere,,SOC,FI,,Seine Saint Denis - 7,0.20624032421959526,0.18155564361019322,
93-8,Elisabeth Pochon,Sylvie Charriere,,SOC,REM,,Seine Saint Denis - 8,0.22569889112698263,0.22322091036228614,
93-9,Jeanne Dromard,Sabine Rubin,,REM,FI,,Seine Saint Denis - 9,0.2915766599677095,0.2584266577690166,
94-1,Frederic Descrozaille,Andre Kaspi,,REM,LR,,Val De Marne - 1,0.34252826342138815,0.27427000240087623,
94-10,Jean-Luc Laurent,Sheerazed Boulkroun,,DVG,REM,,Val De Marne - 10,0.25405765881693276,0.25090195289735384,
94-11,Albane Gaillot,Djamel Arrouche,,REM,FI,,Val De Marne - 11,0.33413941878100517,0.2547840019886788,
94-2,Jean-Francois Mbaye,Francois Cocq,,REM,FI,,Val De Marne - 2,0.3091639217362273,0.2510135078944525,
94-3,Laurent Saint-Martin,Didier Gonzales,,REM,LR,,Val De Marne - 3,0.23528809823113603,0.20643107299070906,
94-4,Maud Petit,Marie-Carole Ciuntu,,MDM,LR,,Val De Marne - 4,0.3312837305121976,0.24397922699338082,
94-5,Gilles Carrez,Nadine Ret,,LR,REM,,Val De Marne - 5,0.3190475717180831,0.2970986145125115,
94-6,Guillaume Gouffier-Cha,Laurence Abeille,,REM,ECO,,Val De Marne - 6,0.28590411744089766,0.22430695961445,
94-7,Jean-Jacques Bridey,Vincent Jeanbrun,,REM,LR,,Val De Marne - 7,0.4885321142918055,0.1740671083709277,
94-8,Michel Herbillon,Jennifer Douieb-Nahon,,LR,REM,,Val De Marne - 8,0.3352420302517578,0.3150260750441147,
94-9,Gaelle Marseau,Martine Lachaud,,REM,FI,,Val De Marne - 9,0.30626453575155227,0.2512099707530175,
95-1,Isabelle Muller-Quoy,Antoine Savignat,,REM,LR,,Val D'Oise - 1,0.2866898869645559,0.17945456440668012,
95-10,Aurelien Tache,Dominique Lefebvre,,REM,SOC,,Val D'Oise - 10,0.2792344385450669,0.25537706406753247,
95-2,Axel Poniatowski,Guillaume Vuilletet,,LR,REM,,Val D'Oise - 2,0.2842681729815844,0.28371803868776635,
95-3,Cecile Rilhac,Sebastien Davignon,,REM,FI,,Val D'Oise - 3,0.29987154282852035,0.15613401306510308,
95-4,Naima Moutchou,Claude Bodin,,REM,LR,,Val D'Oise - 4,0.2973063382587686,0.22428716957440237,
95-5,Philippe Doucet,Fiona Lazaar,,SOC,REM,,Val D'Oise - 5,0.27920585294700434,0.24893895742661531,
95-6,Nathalie Elimas,Luc Strehaiano,,MDM,LR,,Val D'Oise - 6,0.3193605361453189,0.21785530185160215,
95-7,Jerome Chartier,Dominique Da Silva,,LR,REM,,Val D'Oise - 7,0.32249481408494823,0.29111044519844553,
95-8,Francois Pupponi,Pamela Hocini,,SOC,FI,,Val D'Oise - 8,0.3492988151365192,0.25831515586217524,
95-9,Zivka Park,Veronique Danet-Dupuis,,REM,FI,,Val D'Oise - 9,0.2652486353230665,0.1990683307956518,
971-1,Olivier Serva,Harry Durimel,,REM,ECO,,Guadeloupe - 1,0.20926913804469227,0.16958808588437363,
971-2,Diana Perran,Laurent Bernier,,REM,LR,,Guadeloupe - 2,0.10958565917346988,0.10863378568302709,
971-3,Max Mathiasin,Ary Broussillon,,DVG,DVG,,Guadeloupe - 3,0.13058978702606436,0.06589725904770623,
971-4,Helene Vainqueur-Christophe,Claudia Boucher,,SOC,DVD,,Guadeloupe - 4,0.10943766180484792,0.07546434280237908,
972-1,Philippe Edmond-Mariette,Chantal Maignan,,DIV,REM,,Martinique - 1,0.1566133890482363,0.15026074168429623,
972-2,Bruno-Nestor Azerot,Justin Pamphile,,DVG,DVG,,Martinique - 2,0.4633194758107357,0.11166921332266574,
972-3,Serge Letchimy,Max Orville,,DVG,MDM,,Martinique - 3,0.31084832270864904,0.14456285683568176,
972-4,Jean-Philippe Nilor,Ernest Kilo,,REG,FI,,Martinique - 4,0.34462728701955636,0.1084476043856847,
973-1,Gabriel Serville,Joelle Prevot-Madere,,DVG,REM,,Guyane - 1,0.3201237381666394,0.25376796606376384,
973-2,Chantal Berthelot,Jean-Etienne Antoinette,,DVG,DVG,,Guyane - 2,0.3676905830822801,0.18335738020155937,
974-1,Ericka Bareigts,Karine Nabenesa,,SOC,MDM,,La Reunion - 1,0.2562253741129705,0.1678725749427579,
974-2,Huguette Bello,Stephane Randrianarivelo,,DVG,MDM,,La Reunion - 2,0.4174701050007904,0.15537633719306748,
974-3,Jean-Jacques Vlody,Jean-Hugues Lebian,,SOC,FN,,La Reunion - 3,0.3156252868096825,0.1624550034652584,
974-4,David Lorion,Philippe Ghanty,,LR,FN,,La Reunion - 4,0.20468716928543026,0.15575896452979077,
974-5,Marie-Luce Brasier-Clain,Leopoldine Settama-Vidon,,FN,REM,,La Reunion - 5,0.18240499330238139,0.1738810878118982,
974-6,Monique Orphe,Elodie Martin Charron,,REM,FN,,La Reunion - 6,0.31311954691204846,0.12503806754183142,
974-7,Thierry Robert,Perceval Gaillard,,MDM,FI,,La Reunion - 7,0.36687379818324417,0.16581973488380602,
975-1,Annick Girardin,Robert Langlois,,RDG,FI,,Saint Pierre Et Miquelon - 1,0.39469496219357353,0.25435555552690803,
979-1,Ines Bouchaut-Choisy,Claire Javois,,REM,LR,,Saint Martin/Saint Barthelemy - 1,0.17511216967403218,0.17263830707773728,
985-1,Boinali Said,Soihibou Ali-Mansoib,,DVG,FN,,Mayotte - 1,0.25673647831808555,0.08645486746851466,
985-2,Ibrahim Aboubacar,Mansour Kamardine,,SOC,LR,,Mayotte - 2,0.22189334621843823,0.16979999897490133,
987-1,Maina Sage,Tauhiti Nena,,UDI,DVG,,Polynesie Francaise - 1,0.2948915845244759,0.15844535013013752,
987-2,Tepuaraurii Teriitahi,Miri Dubief,,REM,FN,,Polynesie Francaise - 2,0.16494684425837242,0.15029193839410515,
987-3,Vincent Dubois,Patrick Howell,,DVD,DVD,,Polynesie Francaise - 3,0.202497214773789,0.202497214773789,
988-1,Gael Yanno,Bernard Deladriere,,DVD,LR,,Nouvelle Caledonie - 1,0.18681228342241504,0.13956269285968484,
988-2,Philippe Gomes,Bianca Henin,,UDI,FN,,Nouvelle Caledonie - 2,0.3209736764041771,0.1418099492075078,
10-1,Nicolas Dhuicq,Bruno Subtil,Gregory Besson-Moreau,LR,FN,REM,Aube - 1,0.3430999655302972,0.24781279824707067,0.24483050986005264
10-2,Valerie Bazin-Malgras,Djamila Haddad,Jean-Christophe Lefevre,LR,REM,FN,Aube - 2,0.2913102393825145,0.26614807562802956,0.23557610239309684
13-15,Bernard Reynes,Nathalie Farro,Jean-Alexandre Mousset-Seisson,LR,REM,FN,Bouches Du Rhone - 15,0.29650562807386904,0.22407237596279686,0.20884501996278726
25-3,Denis Sommer,Frederic Cartier,Loup Viallet,REM,LR,FN,Doubs - 3,0.2983255334873875,0.23302135701349078,0.2234875428786118
28-4,Philippe Vigier,Fabien Verdier,Vincent Collo,UDI,REM,FN,Eure Et Loir - 4,0.3324574151938149,0.2599731327328684,0.2140635630005887
45-4,Jean-Pierre Door,Melusine Harle,Ludovic Marchetti,LR,REM,FN,Loiret - 4,0.33136158271967603,0.2420997780873892,0.21526109992574113
51-5,Charles De Courson,Bertrand Trepo,Thomas Laval,UDI,REM,FN,Marne - 5,0.32521654520250204,0.24602513142320062,0.23392227387345074
52-2,Francois Cornut-Gentille,Frederic Fabre,Vincent Berthet,LR,FN,REM,Haute Marne - 2,0.3620821073643148,0.23884115916182072,0.2330396916695279
55-1,Bertrand Pancher,Diana Andre,Corinne Kaufmann,UDI,REM,FN,Meuse - 1,0.2969945679057533,0.24253100477732417,0.21927827641147513
57-4,Mathilde Huchot,Amelie De La Rochere,Fabien Di Filippo,REM,FN,LR,Moselle - 4,0.23211512425390055,0.22936991858032796,0.22606475939483547
6-2,Loic Dombreval,Anne Sattonnet,Jerome Cochet,REM,UDI,FN,Alpes Maritimes - 2,0.25369804149329983,0.22844803755951162,0.21821765382200703
6-4,Xavier Beck,Olivier Bettati,Alexandra Valetta Ardisson,LR,FN,REM,Alpes Maritimes - 4,0.2525608945405265,0.238063315518257,0.2306779859916869
6-6,Laurence Trastour-Isnart,Nathalie Audin,Yoann Saliba,LR,MDM,FN,Alpes Maritimes - 6,0.27284091124632226,0.25415603100870965,0.23450240096643202
60-1,Olivier Dassault,Denis Flour,Claire Marais-Beuil,LR,REM,FN,Oise - 1,0.3026635206550264,0.2387993527581247,0.21939884039261115
70-1,Barbara Bessot Ballot,Dimitri Doussot,Leonie Cugnot,REM,LR,FN,Haute Saone - 1,0.2681199275083435,0.23539236801349844,0.2337218926560069
75-11,Marielle De Sarnez,Pascal Cherki,Francis Szpiner,MDM,SOC,LR,Paris - 11,0.32523988020401157,0.21511374055554877,0.20273846266859796
8-3,Jean-Luc Warsmann,Christelle Vorillion,Amandine Blomme,LR,REM,FN,Ardennes - 3,0.35165774443095976,0.23089167864580634,0.21379473150084718
83-5,Guillaume Decard,Philippe Michel-Kleisbauer,Gilles Longo,LR,MDM,FN,Var - 5,0.2454007744256829,0.24231130134511641,0.22513716226901956
83-8,Olivier Audibert-Troin,Fabien Matras,Pierre Jugy,LR,REM,FN,Var - 8,0.2808310868951456,0.23424001051137538,0.2254510672708397
84-2,Jean-Claude Bouchet,Thibaut De La Tocnaye,Sonia Strapelias,LR,FN,REM,Vaucluse - 2,0.29120524127925507,0.2302464335281367,0.21914547463242015
88-2,Gerard Cherpion,Isabelle Gerard,Christine Urbes,LR,FN,REM,Vosges - 2,0.31902361813008395,0.23223263471601965,0.22868312695262705
89-3,Michele Crouzet,Julien Odoul,Clarisse Quentin,REM,FN,LR,Yonne - 3,0.2614494652236248,0.23732847109924718,0.21768676201435655
92-12,Jean-Louis Bourlanges,Jean-Marc Germain,Philippe Pemezec,MDM,SOC,LR,Hauts De Seine - 12,0.27929002072751047,0.23891623156816147,0.2206781281637316
986-1,Napole Polutele,Herve-Michel Delord,Sylvain Brial,DVG,LR,DVG,Wallis Et Futuna - 1,0.43349125720577447,0.37302872164090073,0.19348002115332485
